ID,Population,Species,Temp,Sex,Mother,Box,Treat
LI1C,LI,cm,29.036,0,LIC,LI1,29
LI1E,LI,cm,29.036,0,LIE,LI1,29
LI1B,LI,cm,29.036,1,LIB,LI1,29
LI1D,LI,cm,29.036,0,LID,LI1,29
LI1I,LI,cm,29.036,1,LII,LI1,29
LI2E,LI,cm,29.326,1,LIE,LI2,29
LI2H,LI,cm,29.326,1,LIH,LI2,29
LI2I,LI,cm,29.326,1,LII,LI2,29
LI2D,LI,cm,29.326,1,LID,LI2,29
LI3F,LI,cm,29.017,0,LIF,LI3,29
LI3D,LI,cm,29.017,1,LID,LI3,29
LI3G,LI,cm,29.017,0,LIG,LI3,29
LI3B,LI,cm,29.017,0,LIB,LI3,29
LI3H,LI,cm,29.017,0,LIH,LI3,29
LI4E,LI,cm,28.859,0,LIE,LI4,29
LI4G,LI,cm,28.859,0,LIG,LI4,29
LI4D,LI,cm,28.859,0,LID,LI4,29
LI4F,LI,cm,28.859,0,LIF,LI4,29
LI4I,LI,cm,28.859,1,LII,LI4,29
LI4C,LI,cm,28.859,0,LIC,LI4,29
LI5D,LI,cm,28.914,1,LID,LI5,29
LI5G,LI,cm,28.914,0,LIG,LI5,29
LI5C,LI,cm,28.914,0,LIC,LI5,29
LI6J,LI,cm,28.806,0,LIJ,LI6,29
LI6I,LI,cm,28.806,1,LII,LI6,29
LI6H,LI,cm,28.806,1,LIH,LI6,29
LI6F,LI,cm,28.806,0,LIF,LI6,29
LI7H,LI,cm,27.949,0,LIH,LI7,28
LI7D,LI,cm,27.949,1,LID,LI7,28
LI7I,LI,cm,27.949,1,LII,LI7,28
LI7C,LI,cm,27.949,1,LIC,LI7,28
LI8I,LI,cm,28.263,1,LII,LI8,28
LI8J,LI,cm,28.263,1,LIJ,LI8,28
LI8B,LI,cm,28.263,0,LIB,LI8,28
LI8D,LI,cm,28.263,1,LID,LI8,28
LI9I,LI,cm,27.985,1,LII,LI9,28
LI9H,LI,cm,27.985,1,LIH,LI9,28
LI9B,LI,cm,27.985,0,LIB,LI9,28
LI9D,LI,cm,27.985,1,LID,LI9,28
LI10D,LI,cm,27.89,1,LID,LI10,28
LI11C,LI,cm,28.156,1,LIC,LI11,28
LI11F,LI,cm,28.156,1,LIF,LI11,28
LI12G,LI,cm,28.019,1,LIG,LI12,28
LI12E,LI,cm,28.019,1,LIE,LI12,28
LI12C,LI,cm,28.019,0,LIC,LI12,28
LI12J,LI,cm,28.019,1,LIJ,LI12,28
LI13D,LI,cm,30.772,1,LID,LI13,31
LI14E,LI,cm,30.99,1,LIE,LI14,31
LI14I,LI,cm,30.99,1,LII,LI14,31
LI14F,LI,cm,30.99,0,LIF,LI14,31
LI14B,LI,cm,30.99,0,LIB,LI14,31
LI14G,LI,cm,30.99,0,LIG,LI14,31
LI14D,LI,cm,30.99,0,LID,LI14,31
LI15J,LI,cm,30.942,1,LIJ,LI15,31
LI15I,LI,cm,30.942,0,LII,LI15,31
LI17D,LI,cm,30.942,0,LID,LI17,31
LI17I,LI,cm,30.942,0,LII,LI17,31
LI18D,LI,cm,30.973,0,LID,LI18,31
LI18C,LI,cm,30.973,0,LIC,LI18,31
LI19G,LI,cm,31.946,0,LIG,LI19,32
LI19D,LI,cm,31.946,0,LID,LI19,32
LI19F,LI,cm,31.946,0,LIF,LI19,32
LI19B,LI,cm,31.946,0,LIB,LI19,32
LI20E,LI,cm,31.792,0,LIE,LI20,32
LI20D,LI,cm,31.792,0,LID,LI20,32
LI21I,LI,cm,31.808,0,LII,LI21,32
LI21C,LI,cm,31.808,0,LIC,LI21,32
LI22B,LI,cm,31.844,0,LIB,LI22,32
LI23D,LI,cm,31.853,0,LID,LI23,32
LI24J,LI,cm,31.844,0,LIJ,LI24,32
CD1.1,CD,nd,29.262,1,CD1,CD1,29
CD1.8,CD,nd,29.262,1,CD8,CD1,29
CD1.14,CD,nd,29.262,1,CD14,CD1,29
CD1.15,CD,nd,29.262,1,CD15,CD1,29
CD2.1,CD,nd,28.839,1,CD1,CD2,29
CD2.3a,CD,nd,28.839,1,CD3,CD2,29
CD2.3b,CD,nd,28.839,1,CD3,CD2,29
CD2.6,CD,nd,28.839,1,CD6,CD2,29
CD2.2a,CD,nd,28.839,1,CD2,CD2,29
CD2.2b,CD,nd,28.839,1,CD2,CD2,29
CD3.4,CD,nd,27.962,1,CD4,CD3,28
CD3.15,CD,nd,27.962,1,CD15,CD3,28
CD3.13,CD,nd,27.962,1,CD13,CD3,28
CD4.1,CD,nd,28.503,1,CD1,CD4,29
CD4.2,CD,nd,28.503,1,CD2,CD4,29
CD4.3,CD,nd,28.503,1,CD3,CD4,29
CD4.7,CD,nd,28.503,1,CD7,CD4,29
CD4.8,CD,nd,28.503,1,CD8,CD4,29
CD4.11,CD,nd,28.503,1,CD11,CD4,29
CD4.13,CD,nd,28.503,1,CD13,CD4,29
CD4.14,CD,nd,28.503,0,CD14,CD4,29
CD5.7.1,CD,nd,29.169,0,CD7,CD5,29
CD5.7.2,CD,nd,29.169,1,CD7,CD5,29
CD5.15b,CD,nd,29.169,1,CD15,CD5,29
CD5.4b,CD,nd,29.169,1,CD4,CD5,29
CD6.1,CD,nd,28.725,1,CD1,CD6,29
CD6.3,CD,nd,28.725,1,CD3,CD6,29
CD6.6,CD,nd,28.725,0,CD6,CD6,29
CD6.11,CD,nd,28.725,1,CD11,CD6,29
CD6.2a,CD,nd,28.725,1,CD2,CD6,29
CD6.2b,CD,nd,28.725,1,CD2,CD6,29
CD7.3,CD,nd,27.97,1,CD3,CD7,28
CD7.5,CD,nd,27.97,1,CD5,CD7,28
CD7.8,CD,nd,27.97,1,CD8,CD7,28
CD7.12,CD,nd,27.97,1,CD12,CD7,28
CD8.4,CD,nd,28.215,1,CD4,CD8,28
CD8.6,CD,nd,28.215,1,CD6,CD8,28
CD8.14a,CD,nd,28.215,0,CD14,CD8,28
CD8.4b,CD,nd,28.215,1,CD4,CD8,28
CD8.14b,CD,nd,28.215,1,CD14,CD8,28
CD8.7b,CD,nd,28.215,1,CD7,CD8,28
CD9.2,CD,nd,29.135,1,CD2,CD9,29
CD9.3,CD,nd,29.135,1,CD3,CD9,29
CD9.5,CD,nd,29.135,1,CD5,CD9,29
CD9.6,CD,nd,29.135,1,CD6,CD9,29
CD9.13,CD,nd,29.135,1,CD13,CD9,29
CD10.6,CD,nd,28.754,1,CD6,CD10,29
CD10.12,CD,nd,28.754,1,CD12,CD10,29
CD10.1,CD,nd,28.754,1,CD1,CD10,29
CD10.11,CD,nd,28.754,1,CD11,CD10,29
CD10.13,CD,nd,28.754,1,CD13,CD10,29
CD11.1,CD,nd,27.962,1,CD1,CD11,28
CD11.3,CD,nd,27.962,0,CD3,CD11,28
CD11.11,CD,nd,27.962,1,CD11,CD11,28
CD11.12,CD,nd,27.962,1,CD12,CD11,28
CD11.14a,CD,nd,27.962,1,CD14,CD11,28
CD13.1,CD,nd,29.22,1,CD1,CD13,29
CD13.2,CD,nd,29.22,1,CD2,CD13,29
CD13.3,CD,nd,29.22,0,CD3,CD13,29
CD13.4,CD,nd,29.22,1,CD4,CD13,29
CD13.7,CD,nd,29.22,1,CD7,CD13,29
CD13.8,CD,nd,29.22,0,CD8,CD13,29
CD14.4,CD,nd,28.961,1,CD4,CD14,29
CD14.6,CD,nd,28.961,0,CD6,CD14,29
CD14.7,CD,nd,28.961,1,CD7,CD14,29
CD14.11a,CD,nd,28.961,1,CD11,CD14,29
CD14.11b,CD,nd,28.961,1,CD11,CD14,29
CD16.1,CD,nd,28.561,1,CD1,CD16,29
CD16.12,CD,nd,28.561,1,CD12,CD16,29
CD16.6,CD,nd,28.561,1,CD6,CD16,29
CD17.5b,CD,nd,29.234,1,CD5,CD17,29
CD17.1,CD,nd,29.234,1,CD1,CD17,29
CD17.4,CD,nd,29.234,0,CD4,CD17,29
CD17.5,CD,nd,29.234,0,CD5,CD17,29
CD17.15,CD,nd,29.234,1,CD15,CD17,29
CD17.4b,CD,nd,29.234,1,CD4,CD17,29
CD19.3,CD,nd,28.111,1,CD3,CD19,28
CD19.12,CD,nd,28.111,1,CD12,CD19,28
CD19.15,CD,nd,28.111,1,CD15,CD19,28
CD20.1,CD,nd,28.659,1,CD1,CD20,29
CD20.2,CD,nd,28.659,1,CD2,CD20,29
CD20.11,CD,nd,28.659,1,CD11,CD20,29
CD20.12,CD,nd,28.659,1,CD12,CD20,29
CD20.14,CD,nd,28.659,1,CD14,CD20,29
CD20.6a,CD,nd,28.659,1,CD6,CD20,29
CD20.13,CD,nd,28.659,1,CD13,CD20,29
CD21.4,CD,nd,29.301,1,CD4,CD21,29
CD21.7,CD,nd,29.301,1,CD7,CD21,29
CD21.8,CD,nd,29.301,1,CD8,CD21,29
CD21.15a,CD,nd,29.301,1,CD15,CD21,29
CD21.13,CD,nd,29.301,0,CD13,CD21,29
CD22.1,CD,nd,28.595,1,CD1,CD22,29
CD22.2,CD,nd,28.595,1,CD2,CD22,29
CD22.3,CD,nd,28.595,1,CD3,CD22,29
CD22.8,CD,nd,28.595,1,CD8,CD22,29
CD22.13,CD,nd,28.595,0,CD13,CD22,29
CD22.15,CD,nd,28.595,0,CD15,CD22,29
CD23.10a,CD,nd,28.049,1,CD10,CD23,28
CD23.2,CD,nd,28.049,1,CD2,CD23,28
CD23.13,CD,nd,28.049,1,CD13,CD23,28
CD24.5,CD,nd,28.488,0,CD5,CD24,28
CD24.14a,CD,nd,28.488,1,CD14,CD24,28
CD24.12a,CD,nd,28.488,1,CD12,CD24,28
CDJ1,CD,nd,28.28,1,CDJ,CDJ,28
CDJ2,CD,nd,28.28,1,CDJ,CDJ,28
CDJ3,CD,nd,28.28,1,CDJ,CDJ,28
CDJ4,CD,nd,28.28,1,CDJ,CDJ,28
CDJ5,CD,nd,28.28,1,CDJ,CDJ,28
CDJ6,CD,nd,28.28,1,CDJ,CDJ,28
CDJ7,CD,nd,31.93,0,CDJ,CDJ,32
CDJ8,CD,nd,31.93,0,CDJ,CDJ,32
CDJ9,CD,nd,31.93,0,CDJ,CDJ,32
CDJ10,CD,nd,31.93,0,CDJ,CDJ,32
CDJ11,CD,nd,31.93,0,CDJ,CDJ,32
CDJ12,CD,nd,28.13,0,CDJ,CDJ,28
CDJ13,CD,nd,28.13,1,CDJ,CDJ,28
CDJ14,CD,nd,28.13,1,CDJ,CDJ,28
CDJ15,CD,nd,28.13,1,CDJ,CDJ,28
CDJ16,CD,nd,28.13,1,CDJ,CDJ,28
CDJ17,CD,nd,28.13,1,CDJ,CDJ,28
CDJ18,CD,nd,28.13,1,CDJ,CDJ,28
CDJ19,CD,nd,28.13,1,CDJ,CDJ,28
CDJ20,CD,nd,32.19,0,CDJ,CDJ,32
CDJ21,CD,nd,32.19,0,CDJ,CDJ,32
CDJ22,CD,nd,32.19,0,CDJ,CDJ,32
CDJ23,CD,nd,32.19,0,CDJ,CDJ,32
CDJ24,CD,nd,32.19,0,CDJ,CDJ,32
CDJ25,CD,nd,32.19,0,CDJ,CDJ,32
CDJ26,CD,nd,32.19,0,CDJ,CDJ,32
CDJ27,CD,nd,32.19,0,CDJ,CDJ,32
CDJ28,CD,nd,32.19,0,CDJ,CDJ,32
CDJ29,CD,nd,30.11,0,CDJ,CDJ,30
CDJ30,CD,nd,30.11,0,CDJ,CDJ,30
CDJ31,CD,nd,30.11,0,CDJ,CDJ,30
CDJ32,CD,nd,30.11,0,CDJ,CDJ,30
CDJ33,CD,nd,30.11,0,CDJ,CDJ,30
CDJ34,CD,nd,30.11,0,CDJ,CDJ,30
CDJ35,CD,nd,30.11,0,CDJ,CDJ,30
CDJ36,CD,nd,30.11,0,CDJ,CDJ,30
CDJ37,CD,nd,32.35,0,CDJ,CDJ,32
CDJ38,CD,nd,32.35,0,CDJ,CDJ,32
CDJ39,CD,nd,32.35,0,CDJ,CDJ,32
CDJ40,CD,nd,32.35,0,CDJ,CDJ,32
CDJ41,CD,nd,32.35,0,CDJ,CDJ,32
CDJ42,CD,nd,32.35,0,CDJ,CDJ,32
CDJ43,CD,nd,32.4,0,CDJ,CDJ,32
CDJ44,CD,nd,32.4,0,CDJ,CDJ,32
CDJ45,CD,nd,32.4,0,CDJ,CDJ,32
CDJ46,CD,nd,32.4,0,CDJ,CDJ,32
CDJ47,CD,nd,32.4,0,CDJ,CDJ,32
CDJ48,CD,nd,32.4,0,CDJ,CDJ,32
CDJ49,CD,nd,32.2,0,CDJ,CDJ,32
CDJ50,CD,nd,32.2,0,CDJ,CDJ,32
CDJ51,CD,nd,32.2,0,CDJ,CDJ,32
CDJ52,CD,nd,32.2,0,CDJ,CDJ,32
CDJ53,CD,nd,32.2,0,CDJ,CDJ,32
CDJ54,CD,nd,32.2,0,CDJ,CDJ,32
CDJ55,CD,nd,32.2,0,CDJ,CDJ,32
CDJ56,CD,nd,32.42,0,CDJ,CDJ,32
CDJ57,CD,nd,32.42,0,CDJ,CDJ,32
CDJ58,CD,nd,32.42,0,CDJ,CDJ,32
CDJ59,CD,nd,32.42,0,CDJ,CDJ,32
CDJ60,CD,nd,32.42,0,CDJ,CDJ,32
CDJ61,CD,nd,32.42,0,CDJ,CDJ,32
CDJ62,CD,nd,32.42,0,CDJ,CDJ,32
CDJ63,CD,nd,32.42,0,CDJ,CDJ,32
CDJ64,CD,nd,32.4,0,CDJ,CDJ,32
CDJ65,CD,nd,32.4,0,CDJ,CDJ,32
CDJ66,CD,nd,32.4,0,CDJ,CDJ,32
CDJ67,CD,nd,32.4,0,CDJ,CDJ,32
CDJ68,CD,nd,32.4,0,CDJ,CDJ,32
CDJ69,CD,nd,32.4,0,CDJ,CDJ,32
CDJ70,CD,nd,32.4,0,CDJ,CDJ,32
CDJ71,CD,nd,32.4,0,CDJ,CDJ,32
CDJ72,CD,nd,32.35,0,CDJ,CDJ,32
CDJ73,CD,nd,32.35,0,CDJ,CDJ,32
CDJ74,CD,nd,32.35,0,CDJ,CDJ,32
CDJ75,CD,nd,32.35,0,CDJ,CDJ,32
CDJ76,CD,nd,32.35,0,CDJ,CDJ,32
CDJ77,CD,nd,32.58,0,CDJ,CDJ,33
CDJ78,CD,nd,32.58,0,CDJ,CDJ,33
CDJ79,CD,nd,32.58,0,CDJ,CDJ,33
CDJ80,CD,nd,32.58,0,CDJ,CDJ,33
CDJ81,CD,nd,32.58,0,CDJ,CDJ,33
CDJ82,CD,nd,32.58,0,CDJ,CDJ,33
CDJ83,CD,nd,32.58,0,CDJ,CDJ,33
CDJ84,CD,nd,32.6,0,CDJ,CDJ,33
CDJ85,CD,nd,32.6,0,CDJ,CDJ,33
CDJ86,CD,nd,32.6,0,CDJ,CDJ,33
CDJ87,CD,nd,32.6,0,CDJ,CDJ,33
CDJ88,CD,nd,32.38,0,CDJ,CDJ,32
CDJ89,CD,nd,32.38,0,CDJ,CDJ,32
CDJ90,CD,nd,32.38,0,CDJ,CDJ,32
CDJ91,CD,nd,32.38,0,CDJ,CDJ,32
CDJ92,CD,nd,32.38,0,CDJ,CDJ,32
CDJ93,CD,nd,32.38,0,CDJ,CDJ,32
CDJ94,CD,nd,32.38,0,CDJ,CDJ,32
CDJ95,CD,nd,32.38,0,CDJ,CDJ,32
CDJ96,CD,nd,32.38,0,CDJ,CDJ,32
CDJ97,CD,nd,32.38,0,CDJ,CDJ,32
CDJ98,CD,nd,27.95,1,CDJ,CDJ,28
CDJ99,CD,nd,27.95,1,CDJ,CDJ,28
CDJ100,CD,nd,27.95,1,CDJ,CDJ,28
CDJ101,CD,nd,27.95,1,CDJ,CDJ,28
CDJ102,CD,nd,27.95,1,CDJ,CDJ,28
CDJ103,CD,nd,27.77,1,CDJ,CDJ,28
CDJ104,CD,nd,27.77,1,CDJ,CDJ,28
CDJ105,CD,nd,27.77,1,CDJ,CDJ,28
CDJ106,CD,nd,27.77,1,CDJ,CDJ,28
CDJ107,CD,nd,27.77,1,CDJ,CDJ,28
CDJ108,CD,nd,28.45,1,CDJ,CDJ,28
CDJ109,CD,nd,28.45,1,CDJ,CDJ,28
CDJ110,CD,nd,28.45,1,CDJ,CDJ,28
CDJ111,CD,nd,28.17,1,CDJ,CDJ,28
CDJ112,CD,nd,28.17,1,CDJ,CDJ,28
CDJ113,CD,nd,28.17,1,CDJ,CDJ,28
CDJ114,CD,nd,28.17,1,CDJ,CDJ,28
CDJ115,CD,nd,28.17,1,CDJ,CDJ,28
CDJ116,CD,nd,28.17,1,CDJ,CDJ,28
EMB1I,EMB,nd,29.783,1,EMBI,EMB1,30
EMB1J,EMB,nd,29.783,0,EMBJ,EMB1,30
EMB1VC2,EMB,nd,29.783,1,EMBVC2,EMB1,30
EMB1VC,EMB,nd,29.783,1,EMBVC,EMB1,30
EMB1VC3,EMB,nd,29.783,1,EMBVC3,EMB1,30
EMB2J,EMB,nd,29.305,1,EMBJ,EMB2,29
EMB2F,EMB,nd,29.305,1,EMBF,EMB2,29
EMB2VC3,EMB,nd,29.305,1,EMBVC3,EMB2,29
EMB2VC,EMB,nd,29.305,0,EMBVC,EMB2,29
EMB2VC2,EMB,nd,29.305,1,EMBVC2,EMB2,29
EMB2B,EMB,nd,29.305,0,EMBB,EMB2,29
EMB3VC3,EMB,nd,28.947,1,EMBVC3,EMB3,29
EMB3J,EMB,nd,28.947,1,EMBJ,EMB3,29
EMB3F,EMB,nd,28.947,1,EMBF,EMB3,29
EMB4J,EMB,nd,29.053,1,EMBJ,EMB4,29
EMB4F,EMB,nd,29.053,0,EMBF,EMB4,29
EMB5K,EMB,nd,29.783,0,EMBK,EMB5,30
EMB5B,EMB,nd,29.783,1,EMBB,EMB5,30
EMB5F,EMB,nd,29.783,0,EMBF,EMB5,30
EMB5J,EMB,nd,29.783,1,EMBJ,EMB5,30
EMB5E,EMB,nd,29.783,1,EMBE,EMB5,30
EMB5VC3,EMB,nd,29.783,1,EMBVC3,EMB5,30
EMB5C,EMB,nd,29.783,0,EMBC,EMB5,30
EMB6B,EMB,nd,29.305,1,EMBB,EMB6,29
EMB6VC,EMB,nd,29.305,1,EMBVC,EMB6,29
EMB6J,EMB,nd,29.305,1,EMBJ,EMB6,29
EMB6I,EMB,nd,29.305,1,EMBI,EMB6,29
EMB6K,EMB,nd,29.305,1,EMBK,EMB6,29
EMB6F,EMB,nd,29.305,1,EMBF,EMB6,29
EMB7VC,EMB,nd,28.947,1,EMBVC,EMB7,29
EMB7E,EMB,nd,28.947,1,EMBE,EMB7,29
EMB7I,EMB,nd,28.947,0,EMBI,EMB7,29
EMB7B,EMB,nd,28.947,1,EMBB,EMB7,29
EMB7VC3,EMB,nd,28.947,1,EMBVC3,EMB7,29
EMB8I,EMB,nd,29.053,1,EMB8I,EMB8,29
EMB8J,EMB,nd,29.053,1,EMB8J,EMB8,29
EMB8K,EMB,nd,29.053,1,EMBK,EMB8,29
EMB8VC3,EMB,nd,29.053,1,EMBVC3,EMB8,29
EMB8D,EMB,nd,29.053,0,EMBD,EMB8,29
EMB9I,EMB,nd,29.828,0,EMBI,EMB9,30
EMB9B,EMB,nd,29.828,1,EMBB,EMB9,30
EMB9VC2,EMB,nd,29.828,1,EMBVC2,EMB9,30
EMB9K,EMB,nd,29.828,0,EMBK,EMB9,30
EMB9E,EMB,nd,29.828,1,EMBE,EMB9,30
EMB9A,EMB,nd,29.828,1,EMBA,EMB9,30
EMB9VC,EMB,nd,29.828,1,EMBVC,EMB9,30
EMB9D,EMB,nd,29.828,1,EMBD,EMB9,30
EMB10VC,EMB,nd,29.585,1,EMBVC,EMB10,30
EMB10VC2,EMB,nd,29.585,1,EMBVC2,EMB10,30
EMB10E,EMB,nd,29.585,1,EMBE,EMB10,30
EMB10VC3,EMB,nd,29.585,1,EMBVC3,EMB10,30
EMB10I,EMB,nd,29.585,1,EMBI,EMB10,30
EMB10K,EMB,nd,29.585,1,EMBK,EMB10,30
EMB11F,EMB,nd,28.572,1,EMBF,EMB11,29
EMB11VC,EMB,nd,28.572,1,EMBVC,EMB11,29
EMB11K,EMB,nd,28.572,0,EMBK,EMB11,29
EMB11VC2,EMB,nd,28.572,1,EMBVC2,EMB11,29
EMB11J,EMB,nd,28.572,1,EMBJ,EMB11,29
EMB12VC,EMB,nd,28.909,1,EMBVC,EMB12,29
EMB12E,EMB,nd,28.909,1,EMBE,EMB12,29
EMB12VC3,EMB,nd,28.909,1,EMBVC3,EMB12,29
EMB13I,EMB,nd,29.828,1,EMBI,EMB13,30
EMB13J,EMB,nd,29.828,1,EMBJ,EMB13,30
EMB13VC,EMB,nd,29.828,1,EMBVC,EMB13,30
EMB13F,EMB,nd,29.828,1,EMBF,EMB13,30
EMB13B,EMB,nd,29.828,1,EMBB,EMB13,30
EMB13VC2,EMB,nd,29.828,1,EMBVC2,EMB13,30
EMB14VC2,EMB,nd,29.585,1,EMBVC2,EMB14,30
EMB14A,EMB,nd,29.585,1,EMBA,EMB14,30
EMB14K,EMB,nd,29.585,0,EMBK,EMB14,30
EMB14F,EMB,nd,29.585,1,EMBF,EMB14,30
EMB15B,EMB,nd,28.572,1,EMBB,EMB15,29
EMB15VC,EMB,nd,28.572,1,EMBVC,EMB15,29
EMB15VC3,EMB,nd,28.572,1,EMBVC3,EMB15,29
EMB16VC,EMB,nd,28.909,0,EMBVC,EMB16,29
EMB17VC,EMB,nd,29.297,0,EMBVC,EMB17,29
EMB17B,EMB,nd,29.297,1,EMBB,EMB17,29
EMB17F,EMB,nd,29.297,1,EMBF,EMB17,29
EMB17K,EMB,nd,29.297,1,EMBK,EMB17,29
EMB17J,EMB,nd,29.297,1,EMBJ,EMB17,29
EMB17E,EMB,nd,29.297,0,EMBE,EMB17,29
EMB18B,EMB,nd,29.437,1,EMBB,EMB18,29
EMB18I,EMB,nd,29.437,1,EMBI,EMB18,29
EMB18VC,EMB,nd,29.437,1,EMBVC,EMB18,29
EMB18VC3,EMB,nd,29.437,1,EMBVC3,EMB18,29
EMB18J,EMB,nd,29.437,1,EMBJ,EMB18,29
EMB18VC2,EMB,nd,29.437,1,EMBVC2,EMB18,29
EMB18E,EMB,nd,29.437,1,EMBE,EMB18,29
EMB19D,EMB,nd,28.415,1,EMBD,EMB19,28
EMB20I,EMB,nd,28.415,1,EMBI,EMB20,28
EMB20B,EMB,nd,28.138,1,EMBB,EMB20,28
EMB20F,EMB,nd,28.138,1,EMBF,EMB20,28
EMB20K,EMB,nd,28.138,1,EMBK,EMB20,28
EMB21VC2,EMB,nd,29.297,1,EMBVC2,EMB21,29
EMB21A,EMB,nd,29.297,1,EMBA,EMB21,29
EMB21E,EMB,nd,29.297,1,EMBE,EMB21,29
EMB21I,EMB,nd,29.297,0,EMBI,EMB21,29
EMB21VC3,EMB,nd,29.297,1,EMBVC3,EMB21,29
EMB21D,EMB,nd,29.297,0,EMBD,EMB21,29
EMB22E,EMB,nd,29.437,1,EMBE,EMB22,29
EMB22J,EMB,nd,29.437,1,EMBJ,EMB22,29
EMB22F,EMB,nd,29.437,1,EMBF,EMB22,29
EMB22C,EMB,nd,29.437,1,EMBC,EMB22,29
EMB22VC3,EMB,nd,29.437,1,EMBVC3,EMB22,29
EMB23B,EMB,nd,28.415,1,EMBB,EMB23,28
EMB23VC2,EMB,nd,28.415,1,EMBVC2,EMB23,28
EMB23E,EMB,nd,28.415,1,EMBE,EMB23,28
EMB23K,EMB,nd,28.415,1,EMBK,EMB23,28
EMB23VC3,EMB,nd,28.415,0,EMBVC3,EMB23,28
EMB24I,EMB,nd,28.138,1,EMBI,EMB24,28
EMB24J,EMB,nd,28.138,0,EMBJ,EMB24,28
EMB24VC,EMB,nd,28.138,1,EMBVC,EMB24,28
EMB24VC2,EMB,nd,28.138,1,EMBVC2,EMB24,28
EMB24E,EMB,nd,28.138,1,EMBE,EMB24,28
EMB31A,EMB,nd,29.007,1,EMBL,EMB31,29
EMB31A2,EMB,nd,29.007,1,EMBL,EMB31,29
EMB31E2,EMB,nd,29.007,0,EMBP,EMB31,29
EMB32B,EMB,nd,29.007,1,EMBM,EMB32,29
EMB32C,EMB,nd,29.007,1,EMBN,EMB32,29
EMB32D,EMB,nd,29.007,1,EMBO,EMB32,29
EMB33A,EMB,nd,29.007,1,EMBL,EMB33,29
EMB33C2,EMB,nd,29.007,1,EMBN,EMB33,29
EMB33D,EMB,nd,29.007,1,EMBO,EMB33,29
EMB33D2,EMB,nd,29.007,1,EMBO,EMB33,29
EMB34C,EMB,nd,29.007,1,EMBN,EMB34,29
EMB34C2,EMB,nd,29.007,1,EMBN,EMB34,29
EMB35A,EMB,nd,28.066,1,EMBL,EMB35,28
EMB35D2,EMB,nd,28.066,1,EMBO,EMB35,28
EMB35E,EMB,nd,28.066,1,EMBP,EMB35,28
EMB35E2,EMB,nd,28.066,1,EMBP,EMB35,28
EMB36A,EMB,nd,28.066,1,EMBL,EMB36,28
EMB36C,EMB,nd,28.066,1,EMBN,EMB36,28
EMB36E,EMB,nd,28.066,1,EMBP,EMB36,28
EMB37A,EMB,nd,32.037,0,EMBL,EMB37,32
EMB37A2,EMB,nd,32.037,0,EMBL,EMB37,32
EMB37C,EMB,nd,32.037,0,EMBN,EMB37,32
EMB37D,EMB,nd,32.037,0,EMBO,EMB37,32
EMB37E,EMB,nd,32.037,0,EMBP,EMB37,32
EMB37E2,EMB,nd,32.037,0,EMBP,EMB37,32
EMB38A,EMB,nd,32.037,0,EMBL,EMB38,32
EMB38D,EMB,nd,32.037,0,EMBO,EMB38,32
EMB38D2,EMB,nd,32.037,0,EMBO,EMB38,32
TIA5,TI,nd,28,1,TIA,TI19,28
TIB28,TI,nd,28,1,TIB,TI19,28
TID25,TI,nd,28,1,TID,TI19,28
TIE11,TI,nd,28.04,1,TIE,TI18,28
TIF11,TI,nd,28,1,TIF,TI19,28
TIG7,TI,nd,28,1,TIG,TI20,28
TIJ25,TI,nd,28.29,1,TIJ,TI17,28
TIA8,TI,nd,28,1,TIA,TI20,28
TIB27,TI,nd,28,1,TIB,TI20,28
TID4,TI,nd,28,1,TID,TI20,28
TIE12,TI,nd,28.29,1,TIE,TI17,28
TIG16,TI,nd,28.04,1,TIG,TI18,28
TIH6,TI,nd,28.04,1,TIH,TI18,28
TII18,TI,nd,28.04,1,TII,TI18,28
TIJ23,TI,nd,28.04,1,TIJ,TI18,28
TIA10,TI,nd,28.04,1,TIA,TI18,28
TIB8,TI,nd,28.04,1,TIB,TI18,28
TID14,TI,nd,28.04,1,TID,TI18,28
TIF12,TI,nd,28,1,TIF,TI20,28
TII22,TI,nd,28,1,TII,TI19,28
TIA3,TI,nd,28.08,1,TIA,TI21,28
TIB6,TI,nd,28.08,1,TIB,TI21,28
TIC4,TI,nd,28,1,TIC,TI20,28
TID13,TI,nd,28.08,1,TID,TI21,28
TIF21,TI,nd,28.08,1,TIF,TI21,28
TIG9,TI,nd,28.08,1,TIG,TI21,28
TIH14,TI,nd,28,1,TIH,TI20,28
TII19,TI,nd,28,1,TII,TI20,28
TIJ1,TI,nd,28,1,TIJ,TI20,28
TIA15,TI,nd,28.29,1,TIA,TI17,28
TIB10,TI,nd,28.29,1,TIB,TI17,28
TIC21,TI,nd,28.08,1,TIC,TI21,28
TID5,TI,nd,28.29,1,TID,TI17,28
TIF17,TI,nd,28.29,1,TIF,TI17,28
TIG5,TI,nd,28.29,1,TIG,TI17,28
TIH30,TI,nd,28.08,1,TIH,TI21,28
TII27,TI,nd,28.08,1,TII,TI21,28
TIJ13,TI,nd,28.08,1,TIJ,TI21,28
TIE3,TI,nd,29.07,1,TIE,TI12,29
TIG23,TI,nd,28.99,1,TIG,TI15,29
TIH3,TI,nd,29.07,1,TIH,TI12,29
TIA13,TI,nd,28.99,1,TIA,TI15,29
TIB1,TI,nd,29.07,1,TIB,TI12,29
TIC12,TI,nd,28.99,1,TIC,TI15,29
TIF26,TI,nd,28.99,1,TIF,TI15,29
TIG24,TI,nd,29.07,1,TIG,TI12,29
TIH7,TI,nd,29.31,1,TIH,TI13,29
TII20,TI,nd,29.31,1,TII,TI13,29
TIJ12,TI,nd,29.31,1,TIJ,TI13,29
TIC6,TI,nd,29.1,1,TIC,TI16,29
TIE1,TI,nd,29.1,1,TIE,TI16,29
TIG18,TI,nd,29.1,1,TIG,TI16,29
TIH26,TI,nd,29.29,1,TIH,TI14,29
TIC19,TI,nd,29.29,1,TIC,TI14,29
TIG27,TI,nd,29.29,1,TIG,TI14,29
TIH4,TI,nd,28.99,1,TIH,TI15,29
TII9,TI,nd,28.99,1,TII,TI15,29
TIC27,TI,nd,29.31,1,TIC,TI13,29
TIE6,TI,nd,29.29,1,TIE,TI14,29
TIG19,TI,nd,29.31,1,TIG,TI13,29
TIH12,TI,nd,29.1,1,TIH,TI16,29
TII5,TI,nd,29.1,1,TII,TI16,29
TIA20,TI,nd,29.07,1,TIA,TI12,29
TIB18,TI,nd,29.1,1,TIB,TI16,29
TID27,TI,nd,28.99,1,TID,TI15,29
TIF5,TI,nd,29.07,1,TIF,TI12,29
TIG28,TI,nd,29.81,1,TIG,TI9,30
TIH17,TI,nd,30.13,0,TIH,TI7,30
TIJ27,TI,nd,30.13,0,TIJ,TI7,30
TIA12,TI,nd,29.1,1,TIA,TI16,29
TIB21,TI,nd,29.29,1,TIB,TI14,29
TID28,TI,nd,29.07,1,TID,TI12,29
TIE25,TI,nd,29.89,1,TIE,TI8,30
TIF14,TI,nd,29.29,1,TIF,TI14,29
TIG29,TI,nd,29.88,0,TIG,TI10,30
TII30,TI,nd,29.89,1,TII,TI8,30
TIJ30,TI,nd,29.89,1,TIJ,TI8,30
TIA4,TI,nd,29.29,1,TIA,TI14,29
TIB25,TI,nd,29.31,1,TIB,TI13,29
TID26,TI,nd,29.1,1,TID,TI16,29
TIF6,TI,nd,29.31,1,TIF,TI13,29
TIG12,TI,nd,29.89,0,TIG,TI8,30
TII26,TI,nd,29.81,1,TII,TI9,30
TIJ22,TI,nd,29.81,1,TIJ,TI9,30
TIA16,TI,nd,29.31,1,TIA,TI13,29
TIB5,TI,nd,29.81,1,TIB,TI9,30
TID2,TI,nd,29.29,0,TID,TI14,29
TIF30,TI,nd,29.81,1,TIF,TI9,30
TIG21,TI,nd,30,0,TIG,TI31,30
TII28,TI,nd,29.88,0,TII,TI10,30
TIJ10,TI,nd,29.88,0,TIJ,TI10,30
TIA25,TI,nd,29.81,0,TIA,TI9,30
TID15,TI,nd,29.81,0,TID,TI9,30
TIF9,TI,nd,29.88,1,TIF,TI10,30
TIG17,TI,nd,30.09,0,TIG,TI30,30
TIH1,TI,nd,30.12,1,TIH,TI11,30
TII8,TI,nd,30.12,1,TII,TI11,30
TIJ19,TI,nd,30.12,0,TIJ,TI11,30
TIA30,TI,nd,29.88,0,TIA,TI10,30
TIB17,TI,nd,29.88,1,TIB,TI10,30
TIC17,TI,nd,30.09,0,TIC,TI30,30
TID19,TI,nd,29.88,1,TID,TI10,30
TIG2,TI,nd,30.12,0,TIG,TI11,30
TIH25,TI,nd,31.07,0,TIH,TI22,31
TIJ24,TI,nd,31.07,0,TIJ,TI22,31
TIA1,TI,nd,29.89,0,TIA,TI8,30
TIB19,TI,nd,29.89,0,TIB,TI8,30
TID1,TI,nd,29.89,0,TID,TI8,30
TIF27,TI,nd,29.89,0,TIF,TI8,30
TII17,TI,nd,31.01,0,TII,TI23,31
TIJ3,TI,nd,31.01,0,TIJ,TI23,31
TID11,TI,nd,30,0,TID,TI31,30
TIA14,TI,nd,30,1,TIA,TI31,30
TIB20,TI,nd,30,0,TIB,TI31,30
TIF19,TI,nd,30,1,TIF,TI31,30
TIG11,TI,nd,30.13,0,TIG,TI7,30
TIH24,TI,nd,31.05,0,TIH,TI24,31
TII3,TI,nd,31.05,0,TII,TI24,31
TIJ18,TI,nd,31.05,0,TIJ,TI24,31
TIA11,TI,nd,30.12,0,TIA,TI11,30
TIB15,TI,nd,30.09,0,TIB,TI30,30
TID3,TI,nd,30.09,1,TID,TI30,30
TIF24,TI,nd,30.12,1,TIF,TI11,30
TIG22,TI,nd,30.61,0,TIG,TI25,31
TIH21,TI,nd,30.61,1,TIH,TI25,31
TII24,TI,nd,30.61,0,TII,TI25,31
TIJ26,TI,nd,30.61,1,TIJ,TI25,31
TIA26,TI,nd,30.13,0,TIA,TI7,30
TIB30,TI,nd,30.13,1,TIB,TI7,30
TIC31,TI,nd,31.05,0,TIC,TI26,31
TID29,TI,nd,30.12,1,TID,TI11,30
TIE8,TI,nd,30.09,0,TIE,TI30,30
TIF15,TI,nd,30.13,1,TIF,TI7,30
TIG3,TI,nd,31.05,0,TIG,TI24,31
TIH10,TI,nd,31.05,0,TIH,TI26,31
TII21,TI,nd,31.05,0,TII,TI26,31
TIJ6,TI,nd,31.05,1,TIJ,TI26,31
TIA6,TI,nd,30.61,0,TIA,TI25,31
TIB22,TI,nd,30.61,0,TIB,TI25,31
TIC22,TI,nd,31.07,1,TIC,TI22,31
TID18,TI,nd,30.13,1,TID,TI7,30
TIG8,TI,nd,31.05,0,TIG,TI26,31
TIH5,TI,nd,32.26,0,TIH,TI32,32
TII6,TI,nd,32.26,0,TII,TI32,32
TIJ4,TI,nd,32.26,0,TIJ,TI32,32
TIB14,TI,nd,30.81,0,TIB,TI27,31
TIF28,TI,nd,30.61,0,TIF,TI25,31
TIG10,TI,nd,31.07,1,TIG,TI22,31
TIH23,TI,nd,32.07,1,TIH,TI33,32
TII7,TI,nd,32.07,0,TII,TI33,32
TIJ9,TI,nd,32.07,0,TIJ,TI33,32
TIB7,TI,nd,31.01,0,TIB,TI23,31
TID16,TI,nd,30.61,0,TID,TI25,31
TIF3,TI,nd,30.81,1,TIF,TI27,31
TIG14,TI,nd,31.12,0,TIG,TI29,31
TIH22,TI,nd,32.07,0,TIH,TI34,32
TIJ28,TI,nd,32.07,0,TIJ,TI34,32
TIA17,TI,nd,30.81,0,TIA,TI27,31
TIF22,TI,nd,31.01,0,TIF,TI23,31
TIG15,TI,nd,32.07,1,TIG,TI33,32
TIH11,TI,nd,32.16,0,TIH,TI35,32
TII13,TI,nd,32.16,0,TII,TI35,32
TIJ2,TI,nd,32.16,0,TIJ,TI35,32
TIA2,TI,nd,31.01,0,TIA,TI23,31
TIB13,TI,nd,31.05,0,TIB,TI24,31
TII16,TI,nd,32.01,1,TII,TI36,32
TIJ11,TI,nd,32.01,0,TIJ,TI36,32
TIA23,TI,nd,31.05,1,TIA,TI24,31
TIB24,TI,nd,31.05,1,TIB,TI26,31
TID17,TI,nd,30.81,0,TID,TI27,31
TIF2,TI,nd,31.05,0,TIF,TI24,31
TIJ21,TI,nd,29.29,1,TIJ,TI14,29
TIA29,TI,nd,31.05,1,TIA,TI26,31
TID8,TI,nd,31.01,0,TID,TI23,31
TIF7,TI,nd,31.05,0,TIF,TI26,31
TIJ16,TI,nd,28.99,1,TIJ,TI15,29
TIA9,TI,nd,31.07,0,TIA,TI22,31
TIB23,TI,nd,31.07,0,TIB,TI22,31
TID6,TI,nd,31.05,0,TID,TI24,31
TIF16,TI,nd,31.12,0,TIF,TI29,31
TIJ17,TI,nd,29.07,1,TIJ,TI12,29
TIA7,TI,nd,31.13,0,TIA,TI28,31
TIB29,TI,nd,31.12,1,TIB,TI29,31
TID20,TI,nd,31.05,1,TID,TI26,31
TIJ15,TI,nd,29.1,1,TIJ,TI16,29
TIH9,TI,nd,30.81,0,TIH,TI27,31
TIA18,TI,nd,32.01,0,TIA,TI36,32
TIB2,TI,nd,32.01,0,TIB,TI36,32
TID24,TI,nd,31.07,0,TID,TI22,31
TIE27,TI,nd,30.81,1,TIE,TI27,31
TIF8,TI,nd,32.07,0,TIF,TI33,32
TII14,TI,nd,30.81,1,TII,TI27,31
TIA27,TI,nd,32.16,0,TIA,TI35,32
TIH2,TI,nd,31.13,0,TIH,TI28,31
TII29,TI,nd,31.13,0,TII,TI28,31
TIJ14,TI,nd,31.13,1,TIJ,TI28,31
TIB16,TI,nd,32.07,0,TIB,TI33,32
TIC28,TI,nd,31.12,1,TIC,TI29,31
TID7,TI,nd,31.12,0,TID,TI29,31
TIE22,TI,nd,31.05,0,TIE,TI26,31
TIF1,TI,nd,32.07,0,TIF,TI34,32
TIG30,TI,nd,32.07,0,TIG,TI34,32
TIH27,TI,nd,31.12,0,TIH,TI29,31
TII15,TI,nd,31.12,1,TII,TI29,31
TIJ8,TI,nd,31.12,1,TIJ,TI29,31
TIB26,TI,nd,32.07,0,TIB,TI34,32
TIC16,TI,nd,32.26,0,TIC,TI32,32
TID21,TI,nd,32.07,0,TID,TI34,32
TIE15,TI,nd,31.12,1,TIE,TI29,31
TIG4,TI,nd,32.16,0,TIG,TI35,32
TIH13,TI,nd,30.09,0,TIH,TI30,30
TII2,TI,nd,30.09,0,TII,TI30,30
TIJ20,TI,nd,30.09,0,TIJ,TI30,30
TIA19,TI,nd,32.26,0,TIA,TI32,32
TIB11,TI,nd,32.26,0,TIB,TI32,32
TID30,TI,nd,32.26,0,TID,TI32,32
TIF10,TI,nd,32.16,0,TIF,TI35,32
TIG6,TI,nd,32.26,0,TIG,TI32,32
TII1,TI,nd,30,0,TII,TI31,30
NIA54,NI,cm,27.08735795,1,NIA,NI34,27
NIB11,NI,cm,27.08735795,1,NIB,NI34,27
NIB36,NI,cm,26.96229273,1,NIB,NI33,27
NIB56,NI,cm,27.08735795,1,NIB,NI34,27
NIF20,NI,cm,26.96229273,1,NIF,NI33,27
NIH10,NI,cm,27.08735795,1,NIH,NI34,27
NIH12,NI,cm,26.96229273,1,NIH,NI33,27
NIH46,NI,cm,27.08735795,1,NIH,NI34,27
NIH78,NI,cm,26.96229273,1,NIH,NI33,27
NIX12,NI,cm,27.08735795,1,NIX,NI34,27
NIA35,NI,cm,26.66038893,1,NIA,NI8,27
NIA83,NI,cm,26.66038893,1,NIA,NI8,27
NIB37,NI,cm,26.66038893,1,NIB,NI8,27
NIF8,NI,cm,26.66038893,1,NIF,NI8,27
NIF50,NI,cm,26.66038893,1,NIF,NI8,27
NIH80,NI,cm,26.66038893,1,NIH,NI8,27
NIH88,NI,cm,26.66038893,1,NIH,NI8,27
NIX28,NI,cm,26.66038893,1,NIX,NI8,27
NIX54,NI,cm,26.66038893,1,NIX,NI8,27
NIA21,NI,cm,27.44076271,1,NIA,NI2,27
NIB7,NI,cm,27.44076271,1,NIB,NI2,27
NIB58,NI,cm,27.44076271,1,NIB,NI2,27
NIF14,NI,cm,27.44076271,1,NIF,NI2,27
NIF23,NI,cm,27.44076271,1,NIF,NI2,27
NIH26,NI,cm,27.44076271,1,NIH,NI2,27
NIH44,NI,cm,27.44076271,1,NIH,NI2,27
NIH75,NI,cm,27.44076271,1,NIH,NI2,27
NIX2,NI,cm,27.44076271,1,NIX,NI2,27
NIA64,NI,cm,27.09545305,1,NIA,NI3,27
NIB15,NI,cm,27.09545305,1,NIB,NI3,27
NIF30,NI,cm,27.09545305,1,NIF,NI3,27
NIH47,NI,cm,27.09545305,1,NIH,NI3,27
NIB23,NI,cm,28.93930487,1,NIB,NI35,29
NIB38,NI,cm,28.99393352,0,NIB,NI36,29
NIB69,NI,cm,28.99393352,0,NIB,NI36,29
NIF29,NI,cm,28.99393352,1,NIF,NI36,29
NIF43,NI,cm,28.93930487,1,NIF,NI35,29
NIH25,NI,cm,28.99393352,1,NIH,NI36,29
NIH32,NI,cm,28.93930487,0,NIH,NI35,29
NIH54,NI,cm,28.93930487,1,NIH,NI35,29
NIH73,NI,cm,28.99393352,1,NIH,NI36,29
NIX5,NI,cm,28.99393352,0,NIX,NI36,29
NIX26,NI,cm,28.93930487,0,NIX,NI35,29
NIB31,NI,cm,30.27708877,0,NIB,NI38,30
NIB40,NI,cm,30.16035464,0,NIB,NI37,30
NIB60,NI,cm,30.27708877,1,NIB,NI38,30
NIF41,NI,cm,30.27708877,0,NIF,NI38,30
NIF44,NI,cm,30.16035464,0,NIF,NI37,30
NIH17,NI,cm,30.16035464,1,NIH,NI37,30
NIH61,NI,cm,30.16035464,0,NIH,NI37,30
NIH87,NI,cm,30.27708877,0,NIH,NI38,30
NIX42,NI,cm,30.16035464,0,NIX,NI37,30
NIX43,NI,cm,30.27708877,0,NIX,NI38,30
NIB9,NI,cm,30.47556818,0,NIB,NI40,30
NIB14,NI,cm,31.29242701,0,NIB,NI25,31
NIB44,NI,cm,31.44998859,0,NIB,NI39,31
NIB57,NI,cm,30.47556818,0,NIB,NI40,30
NIB73,NI,cm,31.29242701,0,NIB,NI25,31
NIF10,NI,cm,31.29242701,0,NIF,NI25,31
NIF22,NI,cm,30.47556818,0,NIF,NI40,30
NIF45,NI,cm,31.44998859,0,NIF,NI39,31
NIH3,NI,cm,31.44998859,0,NIH,NI39,31
NIH29,NI,cm,30.47556818,0,NIH,NI40,30
NIH37,NI,cm,31.29242701,0,NIH,NI25,31
NIH49,NI,cm,30.47556818,0,NIH,NI40,30
NIH72,NI,cm,31.29242701,0,NIH,NI25,31
NIH90,NI,cm,31.44998859,0,NIH,NI39,31
NIX17,NI,cm,30.47556818,0,NIX,NI40,30
NIX30,NI,cm,31.29242701,0,NIX,NI25,31
NIX49,NI,cm,31.29242701,0,NIX,NI25,31
NIB27,NI,cm,31.4342167,0,NIB,NI30,31
NIB70,NI,cm,31.4342167,0,NIB,NI30,31
NIF13,NI,cm,31.4342167,0,NIF,NI30,31
NIH15,NI,cm,31.4342167,0,NIH,NI30,31
NIH51,NI,cm,31.4342167,0,NIH,NI30,31
NIH70,NI,cm,31.4342167,0,NIH,NI30,31
NIX11,NI,cm,31.4342167,0,NIX,NI30,31
NIB42,NI,cm,30.4579461,0,NIB,NI31,30
NIB50,NI,cm,30.4579461,0,NIB,NI31,30
NIF32,NI,cm,30.4579461,0,NIF,NI31,30
NIH5,NI,cm,30.4579461,0,NIH,NI31,30
NIH57,NI,cm,30.4579461,0,NIH,NI31,30
NIX33,NI,cm,30.4579461,0,NIX,NI31,30
NIB39,NI,cm,31.65925882,0,NIB,NI42,32
NIB41,NI,cm,32.47879147,0,NIB,NI41,32
NIB67,NI,cm,31.65925882,0,NIB,NI42,32
NIF16,NI,cm,31.65925882,0,NIF,NI42,32
NIF39,NI,cm,32.47879147,0,NIF,NI41,32
NIH21,NI,cm,31.65925882,0,NIH,NI42,32
NIH35,NI,cm,32.47879147,0,NIH,NI41,32
NIH59,NI,cm,32.47879147,0,NIH,NI41,32
